sha256	path
d09a5d74434ed5ec4c48f65f718907c583461f9124e6309b20417c7f748f2365	Caddy/configs/lsyncd/caddy-node-a.lua
4ac2ce9778752abeed57bb40b9431925a6c702fead80fd18b91d132d3c294f02	Caddy/manifests/accepted-live-artifacts.tsv
8dbe08217a0ae5a0ca94c8c99e6dd0dc279198e2656684d6ce853078988c71bc	Caddy/manifests/deployable-successor-coverage.tsv
fd4bb2270cb5c2774adc911ba3f04c7c55428a86b9f2fb155b96bd9d1ff0c752	Caddy/manifests/deployable-successor.tsv
9b1c4e55c9a5f78ae258e151bbf840b0377c5bcc67b35ea58ca7dbdf9521e160	Caddy/manifests/deployment-streams.tsv
495fcabc6640bf93d4e06b3c02f457911f352509df862731cccfecb72be401a7	Caddy/manifests/runtime-production.tsv
fcff15db5b4ea971846a798028f40d2dce86db9cc331825d046dd5321d5f33bd	Caddy/scripts/finalize-incoming-release-v2.sh
4a1cbeca92babe731528e4901e7164a876ab7d52a668390d311bedc11238b513	Caddy/scripts/publish-release-v2.sh
151a0414c08fa1c935adf911f52489dfa3a93b0d93525ddd979c0356777ed49d	Caddy/tests/Containerfile
3be02c8d78004ae9d1d06d3b92120ca7d77fb4b7fb89895426213f052888a5bf	Caddy/tests/Containerfile.authentication
520ae38707e54bf860797455ce2aa9e3f948d37caeb5399fa07d63c1b15e1263	Caddy/tests/authentication-deployment-policy.py
00aca631844250754cc5907d3683fad77fbc92fa11012d3f2aef144a4be86354	Caddy/tests/authentication-outer-regression.py
107f4853d9864bc67239c657b9901743d8567a06ba86a94393272c5df2c18436	Caddy/tests/authentication-outer-regression.sh
e117f0fcb9d92f73ed91a5f00096cbb653bddc7cf2840ec34ccc7e93117604b9	Caddy/tests/authentication-release-regression.py
f0ac3c5e564bc65f7788ea552e465e0fe223a51afa336db599a9177bd4f1b288	Caddy/tests/authentication-resilience-integration.py
67b973b18190b99e20f3f615cd27d2ac53efeaf318ae8586e616163d6d0464eb	Caddy/tests/deployable-successor-policy.sh
4c8f80adabf447493ce224e085b15a0828ab67b2687ff4e830169e9939d0bea7	Caddy/tests/focused-validation.yaml
bba83f38d37c0ded016e90f29ec3755e4c32e33eb369d4000a7786de7a59a2f6	Caddy/tests/run-focused-container.sh
b202803e2c349053b1e8faf457d3ef6ecbc2b545fb06d04f368b4f1e447cbe6f	Caddy/tests/run-focused.sh
